name,maker,type,img,bottlesize,alcohol,country,city,website
7D Gin,Comercial Tello S.A.,London Dry Gin,https://encrypted-tbn0.gstatic.com/images?q=tbn:ANd9GcQKHQwVJyYIm-yjH5WPGn9QGqD3zibYb_P4plwyn2rEMwiRJkNyhuY25hdACg&s,0.7l,41%,Spain,Barcelona,
Adler Berlin Dry Gin,Preussische Spirituosen Manufaktur,Dry Gin,https://encrypted-tbn0.gstatic.com/images?q=tbn:ANd9GcSe0yJtSIc5fpRs7VSH1uoBrouHkN14poa-Tg_zLwNF6Y3D14cPMGr9uRjvTg&s,0.7l,42%,Germany,Berlin,http://www.adlergin.de
Adnams First Rate Gin,Adnams Copper House Distillery,Dry Gin,https://encrypted-tbn0.gstatic.com/images?q=tbn:ANd9GcTRYhpqMh2UxhzzmmGxflgJLjXysfODQ4lsoaWa3LyCUUeUKgAzCAt5VaZWaQ&s,0.5l/0.7l,48%,England,Suffolk,http://adnams.co.uk/spirits/our-spirits/first-rate-finest-cut-gin/
Arctic Velvet Premium Gin,ThoCon AG,Dry Gin,https://encrypted-tbn0.gstatic.com/images?q=tbn:ANd9GcRkqMmOuTDXyviM0oIhaZBjMXRC46WQbuH-z2XDtNYrSQyoCB7hf9t_e8-_pw&s,0.7l,40%,Switzerland,Cham,http://www.arctic-velvet.com
Baltic Dry Gin,Gutsbrennerei Zinzow,Dry Gin,https://encrypted-tbn0.gstatic.com/images?q=tbn:ANd9GcQZ8e9SFeAHI3t2PmAT9EC4Lf5SGXhChOMszwOTCNQgY_1QnTwRayN-6v0TFA&s,0.5l,44%,Germany,Zinzow,http://www.edel-destillate.de
Beefeater 24 London Dry Gin,Pernod Ricard,Dry Gin,https://encrypted-tbn0.gstatic.com/images?q=tbn:ANd9GcS0IgSqVLvq15NywrM1jOUniavCZwBABOv8lBEcQniKwHMBR5RRafO-F0BITeY&s,0.7l,45%,England,London,http://www.beefeatergin.com
Beefeater London Distilled Dry Gin,Pernod Ricard,Dry Gin,https://encrypted-tbn0.gstatic.com/images?q=tbn:ANd9GcT-hQesFRDsv6S4EgbWeADZAfEWjSXk7S8JwXLfhpr1VT1O8tIWIeJBVWp6EvQ&s,0.7l/1l,47%,England,London,http://www.beefeatergin.com
Berliner Brandstifter,Vincent Hondrodt,Berlin Dry Gin,https://encrypted-tbn0.gstatic.com/images?q=tbn:ANd9GcQ4OwJZecXjmOMX9KmarfpTKwYjnpYTbW2GauEb-R9pN8YpfffPxoMTm3vjAQ&s,0.7l,43.30%,Germany,Berlin,http://www.berlinerbrandstifter.com
Berkeley Square Gin,G&J Distiller,Dry Gin,https://encrypted-tbn0.gstatic.com/images?q=tbn:ANd9GcQtQSWiAizqUvWeZ_7EPqm9j1dr6x34E41HChho2eaSbCrxCLnXsTu3zijEVA&s,0.7l,40%,England,London,http://www.berkeleysquaregin.com
Biercee Gin,Distillerie de Biercée,Dry Gin,https://encrypted-tbn0.gstatic.com/images?q=tbn:ANd9GcTdmWyEObp3NaIAZeN3iB-1z3Bqx2LZA3FciMMlKrxuN4bJ24nh408UDmfN-9k&s,0.7l,44%,Belgium,Ragnies,http://www.distilleriedebiercee.be/en/our-product-range/biercee-gin/
Black Gin,Gansloser Destilierie,Dry Gin,https://encrypted-tbn0.gstatic.com/images?q=tbn:ANd9GcSL9dY7DbbOG3TSrAKYwu8FOT6ytqfK9eMAhOZYlXxCKsi2qM_v_XhBgi9lgjA&s,0.7l,45%,Germany,Bad Ditzenbach/Auendorf,http://www.gansloser-destillerie.de/de/qualitaeten/gin/black-gin.html
Blackwoods Vintage Dry Gin,Blavod Drinks Ltd.,Dry Gin,https://encrypted-tbn0.gstatic.com/images?q=tbn:ANd9GcTsn0e3WBDNwmnspeuMo2cKG_Y5n7kDCS_nGiHJJEDAf8asVXnR0GAtusfCCQ4&s,0.7l,40%,England,London,http://blackwoodsgin.net/gin.php
Blackwoods Vintage Dry Gin (Limited Edition 60%),Blavod Drinks Ltd.,Dry Gin,https://encrypted-tbn0.gstatic.com/images?q=tbn:ANd9GcSYgSkYw74K9L4zwfZg450dX2YRp7IuSIAsm3UuZkc1vZZ_c0hO4SXV580n9GE&s,0.7l,60%,England,London,http://blackwoodsgin.net/gin.php
Bloom Premium London Dry Gin,BLOOM,London Dry Gins,https://encrypted-tbn0.gstatic.com/images?q=tbn:ANd9GcSH1N_V5yc4QgVQaQuWZheGHs9d3RPwZMy_QwtLN6fUUb6E_Pc6jZqWpWuDhA&s,0.7l,40%,England,London,http://www.bloomgin.com
Blue Gin,Reisetbauer Qualitätsbrand,Dry Gin,https://encrypted-tbn0.gstatic.com/images?q=tbn:ANd9GcT4Bn_Zy8Ph4g3GY984G4mVY89QuivWgRNtUXWyTT4KN3Jy3EfrpcsDdwOY2DU&s,0.7l,43%,Austria,Axberg,http://www.reisetbauer.at
Bombay Sapphire East 1 Liter,Bombay Sapphire,Dry Gin,https://encrypted-tbn0.gstatic.com/images?q=tbn:ANd9GcSr8VYA-CaEqB_GTTiaOc4dH32p2wkxrkz0Wp_bMNxCpnLzezcYnq4fC1irkfg&s,1l,42%,England,London,http://www.bombaysapphire.com
Bombay Sapphire London Dry Gin,Bombay Sapphire,Dry Gin,https://encrypted-tbn0.gstatic.com/images?q=tbn:ANd9GcT5wUEitVqbJi57neIzVhMtDHH5_UIhJ_08jc7Ac2bDN64-pjrMxLQdEOISeg&s,0.7l/1l,40%,England,London,http://www.bombaysapphire.com
Botanic Premium London Dry Gin,Bodegas Williams Humbert,Dry Gin,https://encrypted-tbn0.gstatic.com/images?q=tbn:ANd9GcQ-aU-M580yfBoQu33W5yC04SZDhbyHYoBLr57qokeM-1PdJjqOz4y3-IFBFCM&s,0.7l,45%,England,Birmingham,
Botanic Ultra Premium London Dry Gin,Bodegas Williams Humbert,Dry Gin,https://encrypted-tbn0.gstatic.com/images?q=tbn:ANd9GcRPLhm4FnyOqAL6jH4DWNt_8kdqKfTFcBPXPANzmZeMVGiXXtE3vA_kC94ZfQ&s,0.7l,45%,England,Birmingham,
Boths Old Tom Gin,Both's/Secret Treasure,Dry Gin,https://encrypted-tbn0.gstatic.com/images?q=tbn:ANd9GcTt_1aie1k7JCceI2bdEe075UqmzNdtBaScYppNqI1tU0JyuCFwXuUEkJbxzQ&s,0.7l,47%,Germany,,
Brecon Special Reserve Gin,Brecon,Dry Gin,https://encrypted-tbn0.gstatic.com/images?q=tbn:ANd9GcRFIgqj5QIz0eoGkg_aiD-dX0_taPswYExsARSnI6PObv9p0NEq6m3XPLdfBGI&s,0.7l,40%,England,Brecon Beacons National Park,http://www.welsh-whisky.co.uk/Our-Spirits/Brecon-Gin.aspx
Brokers Premium Dry Gin,Broker's Gin Limited,Dry Gin,https://encrypted-tbn0.gstatic.com/images?q=tbn:ANd9GcQ5a6QyL_3bNI6YdGBSttiwv891sWqXBp2g0MqO8hreRlQxbOfkBt4iAfcKcA&s,0.7l,40%,England,London,http://www.brokersgin.com
Brokers Premium Dry Gin,Broker's Gin Limited,Dry Gin,https://encrypted-tbn0.gstatic.com/images?q=tbn:ANd9GcQ5a6QyL_3bNI6YdGBSttiwv891sWqXBp2g0MqO8hreRlQxbOfkBt4iAfcKcA&s,0.7l,47%,England,London,http://www.brokersgin.com
Bulldog Gin,Bulldog Gin,Dry Gin,https://encrypted-tbn0.gstatic.com/images?q=tbn:ANd9GcQN61RnSBhOMqFOhI1m0Z_hO7Qepen6cHr9XwzAF1jTWADY_Um_tnwIUsVfMAI&s,0.35l/0.7l,40%,England,London,http://www.bulldoggin.com
Bulldog Gin Extra Bold,Bulldog Gin,Dry Gin,https://encrypted-tbn0.gstatic.com/images?q=tbn:ANd9GcRi80bDREluejJVrN3zCYo-SsStyNtDz1QKrLKP3c_q7qHYeoj5JBGQinLD9sA&s,1l,47%,England,London,http://www.bulldoggin.com
Caorunn Gin,Moffat Distillery,Dry Gin,https://encrypted-tbn0.gstatic.com/images?q=tbn:ANd9GcTR0cwWg-G8raX3dyAj_273mrzCSczTHKM1A5WuI6wy9sgNnQpjtqtgX4VoQg&s,0.7l,41.80%,Scotland,Airdrie,http://www.caorunngin.com
Cap Rock Organic Gin,Peak Spirits LLC,Dry Gin,https://encrypted-tbn0.gstatic.com/images?q=tbn:ANd9GcT-N-_bDgjwtxAFEaH0nhXQkcZnseFVOLI4g5I5mDraSqRBMjHFjfJA8-IEXA&s,0.2l/0.75l/1l,41%,USA,North Road,http://peakspirits.com
Chase Elegant Crisp Gin,,Dry Gin,https://encrypted-tbn0.gstatic.com/images?q=tbn:ANd9GcTGJq6ocUaKYv7NeWuZj5YE1g7SUUF4Kck70KjMlQeh7ZWKQvYrN4-S436HMw&s,0.7l,48%,England,,
Chase Seville Orange Gin,,Dry Gin,https://encrypted-tbn0.gstatic.com/images?q=tbn:ANd9GcRXQrpNVo_org3ltq5dNw8jy0Wfrk2t_V1BINjuTLOP25r2lRACxIPvFdh-NA&s,0.7l,40%,England,,
Citadelle Gin,Cognac Ferrand,Dry Gin,https://encrypted-tbn0.gstatic.com/images?q=tbn:ANd9GcQc1UlB7Yu33esafpWcXr2nH8iNF725p1HtT7L4Y0TS4cPfWWFkDUbuHYyCeyo&s,0.7l,44%,France,Viroflay,http://www.citadellegin.com
Club Charles Gin,punct handelsgesellschaft mbH,Dry Gin,https://encrypted-tbn0.gstatic.com/images?q=tbn:ANd9GcRM0iyXU7cMN3yd_fgtc71YtKlY1WJTMewWpwDt3vcjS3M3vYQV4SBNkDU9Pg&s,0.7l,44%,Germany,Hamburg,http://www.club-charles.de
Corsair Barrel Aged Gin,Corsair Artisan Distillers,Dry Gin,https://encrypted-tbn0.gstatic.com/images?q=tbn:ANd9GcSrvxBsGPGCQ6-FVifiK4s85DK__a1rp1O4ZhtrODKmVes-MI_0bJt53KmHWA&s,0.7l,46%,USA,Tennessee,http://www.corsairartisan.com
Corsair Gin,Corsair Artisan Distillers,Dry Gin,https://encrypted-tbn0.gstatic.com/images?q=tbn:ANd9GcRy6wWeeocAqVOLFIQpgJ1M5AZxvLJGdC-X93gzfWGsZUilVt5gUcKrc0rVpQ&s,0.7l,44%,USA,Tennessee,http://www.corsairartisan.com
Edinburgh Gin,The Spencerfield Spirit Company Ltd,Dry Gin,https://encrypted-tbn0.gstatic.com/images?q=tbn:ANd9GcSHxxO8w5UQCkUXhE4CJXDu6SgbrMOr4XZmxD0_F6dH70jIlK50oHRJogB3fi8&s,0.2l/0.7l,43%,Scotland,Innverkeithing,http://www.spencerfieldspirit.com/products/edinburgh-gin/
Elephant Gin,3 Freie,Dry Gin,https://encrypted-tbn0.gstatic.com/images?q=tbn:ANd9GcRWMypwveHyk57UhbZwsmlQhe5nDK25UpIPPnJ80Dpae7NuyfJt6hD6j5fdTYw&s,0.5l,45%,Germany,Hamburg,http://www.elephant-gin.com
Feel! Munich Dry Gin,Korbinian Achternbusch,Dry Gin,https://encrypted-tbn0.gstatic.com/images?q=tbn:ANd9GcRb7CHD_9tWwy7o_tB-Nckc6H8jy3GdFUtwx82JUDf6oRrIgEDSWwllyyStBYs&s,0.7l,47%,Germany,Munich,http://www.feel-gin.de
Ferdinand's Saar Dry Gin,Capulet&Montague LTD.,Dry Gin,https://encrypted-tbn0.gstatic.com/images?q=tbn:ANd9GcQpTSmBuXsTuW3RxIqFpSPAp-XNd-O31n7LmFkvJ_YR1KHHx5S7bB8EJVAmH2c&s,0.5l,44%,Germany,Saarbrücken,http://www.saar-gin.de
Fifty Pounds Gin,Thames Distillers,Dry Gin,https://encrypted-tbn0.gstatic.com/images?q=tbn:ANd9GcSOY3nLigt65YU4OiqOkXuGwbwwqYCL0umm7tTqpsfIkNT6DWSEvi7i1k6Wvw&s,0.7l,43.50%,England,London,http://www.fiftypoundsgin.co.uk
Finsbury Platinum,Finsbury,Dry Gin,https://encrypted-tbn0.gstatic.com/images?q=tbn:ANd9GcSZ7AUpOnND9hfeWrdkV054A60iY5JHqfca3-pehpb0MsD_mlyayNYUGz0fPOM&s,1l,47%,England,London,
G-Vine Gin Floraison,G'Vine,Dry Gin,https://encrypted-tbn0.gstatic.com/images?q=tbn:ANd9GcSTGJxohpbH3MedHiuu-W8io99taPgdDjcsrbSRouLcv4Bz0ta78ARwp1uSdL0&s,0.7l,40%,France,,http://www.g-vine.com
G-Vine Gin Nouaison,G'Vine,Dry Gin,https://encrypted-tbn0.gstatic.com/images?q=tbn:ANd9GcQj1EMxsZH_0gIsVBaH8DIGpAOwM2SgIgsZnYbqG1k1fGqVgQ8ssE8ucmvTZA&s,0.7l,43.90%,France,,http://www.g-vine.com
Geranium Gin,Hammer & Son Ltd.,Premium Dry Gin,https://encrypted-tbn0.gstatic.com/images?q=tbn:ANd9GcSAx4dawxqrtvx0U0M33E6mT3l89c_I1xVtka35z7cd4SsiFkDXDxVrdff2ijY&s,0.7l,44%,England,,http://www.geraniumgin.com
Gin Mare Mediterranean,Gin Mare,Dry Gin,https://encrypted-tbn0.gstatic.com/images?q=tbn:ANd9GcT38ELGwaKKJiEn8QZFiRBqA2_NkjSG-3TFdPiKsU-S9oi7BaA6xwFKqsyWLrk&s,0.7l,42.70%,Spain,Costa Dorada,http://www.ginmare.com/
Gin Sul,Altonaer Spirituosen Manufaktur,Dry Gin,https://encrypted-tbn0.gstatic.com/images?q=tbn:ANd9GcSc6-esG45F4T4HsaXguxNb7GviHwQuTxprRuAwe0BrNRnSQtmC-5aVsY23BA&s,0.5l,43%,Deutschland,Hamburg,http://www.gin-sul.de/
Gilbey's Special London Dry Gin,Beam Inc.,Dry Gin,https://encrypted-tbn0.gstatic.com/images?q=tbn:ANd9GcRGpLYQN8EANNrv6A4gbp-ztqg_v2xd581wp-rXFbHA0QGo6VA0dABPefNYiw&s,1l,47.50%,USA,Deerfield,http://www.beamglobal.com
Gordon's Sloe Gin,Tanqueray Gordon & Co.,Sloe Gin,https://encrypted-tbn0.gstatic.com/images?q=tbn:ANd9GcS15oYxe8srfNkVaC3HgWq_dA03S9AAROzHviZAW-PprSrvRQevvuDN8STc2Hc&s,0.7l,26%,Scotland,Windygates,http://www.gordons-gin.co.uk
Gordon's Special London Dry Gin,Tanqueray Gordon & Co.,Dry Gin,https://encrypted-tbn0.gstatic.com/images?q=tbn:ANd9GcTiw1xzyyQ4YidQbksusLxJmondsnEhT8O0VwsSPUnXVbZwwS6ZYfvFmWapWbw&s,0.7l/1l,37.50%,Scotland,Windygates,http://www.gordons-gin.co.uk
Guglhof Gin Alpin,Anton Vogl,Austrian Dry Gin,https://encrypted-tbn0.gstatic.com/images?q=tbn:ANd9GcRmrTop6_SoixVbSx4g5LZYnGSL4WO--W7Q5LCSwksBFA366QRDecpC2rZTqMA&s,0.7l,42%,Austria,Hallein,http://www.guglhof.at
Hayman's Sloe Gin,Hayman Distillers London,Sloe Gin,https://encrypted-tbn0.gstatic.com/images?q=tbn:ANd9GcSxPo1n5guLh66hkIUxAsetwm2xb0GQ8y3mAGz_Xe0QsOeYvQj_ZMisQl2TrD0&s,0.7l,26%,England,London,
Hendrick's Gin,William Grant & Sons,Dry Gin,https://encrypted-tbn0.gstatic.com/images?q=tbn:ANd9GcR4s68LubV-KIKyv_IZUUa6BX3F7GfgSjjrv8l_G-qcfb6nJJ1_E5NVDCKg7g&s,0.7l,41.40%,Schottland,,http://www.hendricksgin.com
Magellan Blue Gin,Angeac Distillery,Dry Gin,https://encrypted-tbn0.gstatic.com/images?q=tbn:ANd9GcQI_FMZOFDwCgkeLMWWi0L-QQRIx3l0KLfgkcXXtukEQs27mHYLInLw4KXbSQ&s,1l,44%,France,,http://www.magellangin.com
Martin Miller's Gin Westbourne Strength,Martin Miller's,Dry Gin,https://encrypted-tbn0.gstatic.com/images?q=tbn:ANd9GcSzT-adnXy_cZ4s9cFIb2Y6cPVgpuNQ9nQkhgJkvSlQq76NFPyc-arzsng0O_U&s,0.7l,45.20%,England,London,http://www.martinmillersgin.com
Martin Miller's London Dry Gin,The Reformed Spirits Company,Dry Gin,https://encrypted-tbn0.gstatic.com/images?q=tbn:ANd9GcToFrcwhjEK7mDUZQoxH2iKQwmtmQTxSbvr_g9iGMw-TFLJOSrPpIgYuHA0Wg&s,0.7l,40%,England,,http://www.martinmillersgin.com
Master of Malt Cream Gin,Master Of Malt,Dry Gin,https://encrypted-tbn0.gstatic.com/images?q=tbn:ANd9GcRxFJQNH5907xpIZB9TTPMaEDMoYEMu6OuxkPOeDM6ItZ6fgLHwcZLjm5YNtZc&s,0.7l,43.80%,England,Tunbridge Wells,http://www.masterofmalt.com
Mayfair London Dry Gin,Mayfair Brands,Dry Gin,https://encrypted-tbn0.gstatic.com/images?q=tbn:ANd9GcSf4LnvTBQTnrl5l_uGRaxxtr8o9boF2t2-cDKjPkOLolYD4eBHJw6X29d6qA&s,0.7l,43%,England,London,http://www.mayfairbrands.com
Mikkeller Botanical and Hoppy Gin,Mikkeller ApS,Dry Gin,https://encrypted-tbn0.gstatic.com/images?q=tbn:ANd9GcRO9I6QgADMAvYoWv67hhFrTeeCstvK8p3yRhoUQe8x6hDUqZUOyLlJ3LC2&s,0.7l,44%,Denmark,Kopenhagen,http://mikkellerspirits.dk
MONKEY 47 - Schwarzwald Dry Gin,Black Forest Distillers GmbH,Dry Gin,https://encrypted-tbn0.gstatic.com/images?q=tbn:ANd9GcTZskXVngagEMy2w4pR5uXs6LAswGtraU4XnM0gZ4Cfzb2MRnp_AQSZt8IJAg&s,0.7l,47%,Germany,Lossburg-Betzweiler,http://www.monkey47.com
MONKEY 47 - Sloe Gin,Black Forest Distillers GmbH,Sloe Gin,https://encrypted-tbn0.gstatic.com/images?q=tbn:ANd9GcSnLGGsYJtA5soTAK2e-0DCpyDjITQxJFymK5dwBKtpOJkOAKladaT0TcAZUmk&s,0.5l,29%,Germany,Lossburg-Betzweiler,http://www.monkey47.com
MRDC River Rose Gin,Mississippi River Distilling Company,Dry Gin,https://encrypted-tbn0.gstatic.com/images?q=tbn:ANd9GcSnudDqssNq_Y8aagqIW8k-1oBCtUPvoLs9sP1wJJsBmKCQUJ1_uyHYjAk4cBw&s,0.7l,40%,USA,Le Claire,
No. 209 Gin 5XD,Distillery No. 209,Dry Gin,https://encrypted-tbn0.gstatic.com/images?q=tbn:ANd9GcRFlSbpnr4Awil7NOk1xIUDVBIyRRRvk0c_pjPZUPzqylT5XjeuGpdFcgDjBcs&s,1l,46%,USA,San Fransisco,http://www.distillery209.com/gin
No. 3 London Dry Gin,Berry Bros. & Rudd,Dry Gin,https://encrypted-tbn0.gstatic.com/images?q=tbn:ANd9GcQPHcr4IMPbWTQJmLSJv7TiltWBAu_tQxPvzBwZxIaG1-bFVZoPrisj_Hsq8Q&s,0.7l,46%,England,London,http://www.no3gin.com
Nutmeg Gin,Nicole und Oliver Matter,Matters Hyssop Gin,https://encrypted-tbn0.gstatic.com/images?q=tbn:ANd9GcTJUgHpScgnGXLLpcKJmnty5CFOgDUwmwpq59Cqu6rOLDj8eK9Ui1Obye71MA&s,0.7l,44%,Swiss,Kallnach,http://www.erlebnisbrennerei.ch
Omen Gin,Lukas Krausse,Gin,https://encrypted-tbn0.gstatic.com/images?q=tbn:ANd9GcQlS8BCEYMdO6_wSlcz2OhKmLyqpWFzQENDvz2eFZx6zJZp2qujtXRHZADhqSc&s,0.5l,47%,Germany,Hamburg,
Pimm's No.1,Pimm's London W69DP,Gin Special,https://encrypted-tbn0.gstatic.com/images?q=tbn:ANd9GcSl2M-kctE-oLiO2LvBsWI9xhDXTCr2U-1rgGDuoEAdBHG2W64ChG1wyTTh5m4&s,0.7l,25%,England,London,http://www.anyoneforpimms.com
Plymouth Original,Black Friars Distillery,Dry Gin,https://encrypted-tbn0.gstatic.com/images?q=tbn:ANd9GcS_MMF-6L3Ov-1LheDyYChJtZ84H0gfBCQhFhNIEdg-ZsgRvL_1HA3ClTIyQzw&s,1l,41.20%,England,Plymouth,http://www.plymouthgin.com
Plymouth Navy Strength,Black Friars Distillery,Dry Gin,https://encrypted-tbn0.gstatic.com/images?q=tbn:ANd9GcR3jtVtAxZ2nanuQ-af2Bk0X0_igf8dKRX3Cl8YaGmZlcwXzhrxhMD3MlRC-xA&s,1l,57%,England,Plymouth,http://www.plymouthgin.com
Plymouth Navy Strength,Black Friars Distillery,Sloe Gin,https://encrypted-tbn0.gstatic.com/images?q=tbn:ANd9GcR3jtVtAxZ2nanuQ-af2Bk0X0_igf8dKRX3Cl8YaGmZlcwXzhrxhMD3MlRC-xA&s,1l,57%,England,Plymouth,http://www.plymouthgin.com
Professor Cornelius Ampleforth's Bathtub Gin,Professor Cornelius Ampleforth's,Dry Gin,https://encrypted-tbn0.gstatic.com/images?q=tbn:ANd9GcRA4jVwILL4WJJbgR6iEzO4TtfaKQXkWWYL2XdZgKrlYdPnSY6UE6gLKQz8dlY&s,0.7l,43.30%,England,,
Professor Cornelius Ampleforth's Bathtub Gin Navy Strength,Professor Cornelius Ampleforth's,Dry Gin,https://encrypted-tbn0.gstatic.com/images?q=tbn:ANd9GcQMepghkvH9RLfq6QMDucVcQyqlVA4ytZtwPXV-dr04HlMNzxTN_hLrBzaS4Q&s,0.7l,57%,England,,
Professor Cornelius Ampleforth's Cask-Aged Gin,Professor Cornelius Ampleforth's,Dry Gin,https://encrypted-tbn0.gstatic.com/images?q=tbn:ANd9GcRHVynudcLjDv33t-mMk_wC_LpYmttFoXTSShTe25GSNtPezoGVMiDseL1zwQ&s,0.5l,43.30%,England,,
Saffron Gin,Gabriel Boudier Destillerie,Dry Gin,https://encrypted-tbn0.gstatic.com/images?q=tbn:ANd9GcQuDN5C0mRkgozYSZm_KNVtZek9xyagHxNgZEVpV_TnP7gFmmEafSYAw1GmwA&s,0.7l,40%,France,Dijon,
Sears Cutting Edge Gin,SEARS,Dry Gin,https://encrypted-tbn0.gstatic.com/images?q=tbn:ANd9GcRv7VUkJxEZ-RapDgoMIFOiJV-Cu7E4NTBDjkaupQ2XdGHSzkJPIYqBITBV8qM&s,0.7l,44%,Germany,Paderborn,http://www.sears-gin.com/de/
Southern Artisan Spirits Cardinal Gin,Southern Artisan Spirits (SAS),Dry Gin,https://encrypted-tbn0.gstatic.com/images?q=tbn:ANd9GcSMyml0iSULoDPu7PpA_sWiW0AZottNVVPI7nBX728KX8CeM0_dTRKDX2K2dA&s,0.7l,42%,USA,Kings Mountain,http://www.southernartisanspirits.com
Spectator Gin,Master Of Malt,Dry Gin,https://encrypted-tbn0.gstatic.com/images?q=tbn:ANd9GcQ94M_fX3NCLD4tDnBBDL9BF_QTXCLvAu0UT0VffKZul2XdP1vxbeaXGFhmVnI&s,0.3l/0.7l,42.40%,England,Tunbridge Wells,http://www.masterofmalt.com
Sylvan Gin,Koval Inc.,Dry Gin,https://encrypted-tbn0.gstatic.com/images?q=tbn:ANd9GcT4oTrjrpo4xC24hFMFYUHIDY627AOS58bFaK7OwNtfKsC1wU56ZawiI7pzMQ&s,0.5l/1l,47%,USA,Chicago,http://aboutkoval.com
Sylvius Gin,Onder de Boompjes,Dry Gin,https://encrypted-tbn0.gstatic.com/images?q=tbn:ANd9GcRRBNknpwfbCqqpXP-bJKLxQz6LTFE-HfkJex_3hYW_AK10SD2uE5P0Fyc2Jbw&s,0.7l,45%,Netherland,Schiedam,http://www.sylviusgin.eu
Tanqueray Gin,Charles Tanqueray & Co.,Dry Gin,https://encrypted-tbn0.gstatic.com/images?q=tbn:ANd9GcTOWJPmi6Vosk-k3NIoSEOdgrEdhoJiUXXYn7szcYDI5dqa7wBJybzGhSrBlA&s,0.7l/1l,47.30%,England,London,http://www.tanqueray.com
Tanqueray Malacca Gin (Limited Edition 2013),Charles Tanqueray & Co.,Dry Gin,https://encrypted-tbn0.gstatic.com/images?q=tbn:ANd9GcSvF0BSG84bu3EB_lPqdFw9iaqB1HXKmk1QIugB9PUXRbQSItb-NXxBAlYlJA&s,1l,40%,England,London,http://www.tanqueray.com
Tanqueray No. 10 Gin,Charles Tanqueray & Co.,Dry Gin,https://encrypted-tbn0.gstatic.com/images?q=tbn:ANd9GcQYXgPUGa-m0qYp_jh6cTYNIYyqL0uwEma1E13Cz4QuCtiYFjyHczs-ZzGhyqk&s,0.7l/1l,47.30%,England,London,http://www.tanqueray.com
Tanqueray Gin Rangpur,Charles Tanqueray & Co.,Dry Gin,https://encrypted-tbn0.gstatic.com/images?q=tbn:ANd9GcRe1m0G0xO1jqtJKXuvC4zYwpqLCmqHA4U0tWlotwwSF5XLhmqyS0LLNmZ-DsE&s,1l,41.30%,England,London,http://www.tanqueray.com
The Botanist Islay Dry Gin,Bruichladdich distillery,Dry Gin,https://encrypted-tbn0.gstatic.com/images?q=tbn:ANd9GcTlmTJHS5gheJ5FY9-h_BVa-DPHyARbWtoFgH7QpnEmUR_d0qkFczpY2JmXx_g&s,0.7l,46%,Scotland,Glasgow,http://www.bruichladdich.com
The Duke Munich Dry Gin,THE DUKE Destillerie,Dry Gin,https://encrypted-tbn0.gstatic.com/images?q=tbn:ANd9GcR77fHc6TCOF9xZFE6GnZslnqnO1kgzj2StLWXNlZXODgQKE_Yy8FvejP5IQQ&s,0.7l,45%,Germany,Munic,http://www.theduke-gin.de
The London Gin No.1 Original Blue Gin,The London Gin Company Ltd.,Dry Gin,https://encrypted-tbn0.gstatic.com/images?q=tbn:ANd9GcS_0AxOPj_o3hmBr2_CkFgusaWlQQzUZgFw1OpfQmwIliEjpG5CTOniNNeeLw&s,0.7l,47%,England,London,
Whitley Neill London Dry Gin,Whitley Neill Ltd,Dry Gin,https://encrypted-tbn0.gstatic.com/images?q=tbn:ANd9GcQyNn8iMqmjZU5Y07mmOfYASuK0AifuqZhrO5aXipJBY9FbV6LBpLeKHNA25Ro&s,0.7l,42%,England,London,http://www.whitleyneill.com
Xellent Swiss Edelweiss Gin,DIWISA Distillerie,Swiss Edelweiss Gin,https://encrypted-tbn0.gstatic.com/images?q=tbn:ANd9GcQ7WQRhjwzhrjssbto5dFntujnNBiu054WTIwrPpwvna7AyxP_wrtKzeQgpTA&s,0.7l,40%,Swiss,Willisau,http://www.xellent.ch